Game,Platform,Year
Stardew Valley,Xbox,2021
It Takes Two,Xbox,2021
Hades,Xbox,2021
Yakuza: Like a Dragon,Xbox,2021
Forza Horizon 5,Xbox,2021
Psychonauts 2,Xbox,2021
Final Fantasy X/X-2 HD Remaster,Xbox,2021
Fallout 4,Xbox,2021
Fallout 3,Xbox,2021
Yakuza 6: The Song of Life,Xbox,2021
DOOM,Xbox,2021
Mortal Kombat 11,Xbox,2021
Microsoft Flight Simulator,Xbox,2021
The Elder Scrolls IV: Oblivion,Xbox,2021
Dishonored Definitive Edition,Xbox,2021
DOOM (1993),Xbox,2021
Pillars Of Eternity II: Deadfire,Xbox,2021
Halo Infinite,Xbox,2021
DOOM II (Classic),Xbox,2021
The Evil Within 2,Xbox,2021
Wolfenstein: The New Order,Xbox,2021
SnowRunner,Xbox,2021
F1 2020,Xbox,2021
Injustice 2,Xbox,2021
Dishonored: Death of the Outsider,Xbox,2021
Darkest Dungeon,Xbox,2021
Yakuza 5 Remastered,Xbox,2021
Wolfenstein II: The New Colossus,Xbox,2021
Octopath Traveler,Xbox,2021
Elite: Dangerous,Xbox,2021
Prey,Xbox,2021
The Evil Within,Xbox,2021
DiRT Rally 2.0,Xbox,2021
Yakuza 4 Remastered,Xbox,2021
AI: The Somnium Files,Xbox,2021
DiRT Rally 2.0,Xbox,2021
Wolfenstein: The Old Blood,Xbox,2021
Tropico 6,Xbox,2021
Final Fantasy XIII-2,Xbox,2021
The Riftbreaker,Xbox,2021
Dragon Quest Builders 2,Xbox,2021
The Forgotten City,Xbox,2021
Bug Fables: The Everlasting Sapling,Xbox,2021
LIMBO,Xbox,2021
Scarlet Nexus,Xbox,2021
Dragon Ball FighterZ,Xbox,2021
Jurassic World Evolution,Xbox,2021
Firewatch,Xbox,2021
DOOM 3,Xbox,2021
Zombie Army 4: Dead War,Xbox,2021
Football Manager 2022 Xbox Edition,Xbox,2021
Quake,Xbox,2021
Outlast 2,Xbox,2021
Archvale,Xbox,2021
Ryse: Son of Rome,Xbox,2021
Superliminal,Xbox,2021
The Wild at Heart,Xbox,2021
Farming Simulator 19,Xbox,2021
Maneater,Xbox,2021
Wreckfest,Xbox,2021
Project Wingman,Xbox,2021
Minecraft Dungeons,Xbox,2021
ONE PIECE: PIRATE WARRIORS 4,Xbox,2021
Grounded,Xbox,2021
Lost Words: Beyond the Page,Xbox,2021
The Artful Escape,Xbox,2021
DiRT 4,Xbox,2021
Destroy All Humans!,Xbox,2021
Alan Wake's American Nightmare,Xbox,2021
Final Fantasy XIII,Xbox,2021
RAGE,Xbox,2021
Katamari Damacy Reroll,Xbox,2021
Perfect Dark (Xbox 360),Xbox,2021
Train Sim World 2,Xbox,2021
Ring of Pain,Xbox,2021
Outriders,Xbox,2021
My Friend Pedro,Xbox,2021
Need for Speed Hot Pursuit Remastered,Xbox,2021
Yakuza 3 Remastered,Xbox,2021
Omno,Xbox,2021
Record of Lodoss War -Deedlit in Wonder Labyrinth-,Xbox,2021
NHL 21,Xbox,2021
Dicey Dungeons,Xbox,2021
The Gunk,Xbox,2021
Mighty Goose,Xbox,2021
GRID,Xbox,2021
Among Us,Xbox,2021
Myst,Xbox,2021
The Ascent,Xbox,2021
Curse of the Dead Gods,Xbox,2021
"Warhammer 40,000: Battlesector",Xbox,2021
Flynn: Son of Crimson,Xbox,2021
Steep,Xbox,2021
Sable,Xbox,2021
Subnautica: Below Zero,Xbox,2021
Echo Generation,Xbox,2021
Knockout City,Xbox,2021
Undertale,Xbox,2021
skate.,Xbox,2021
Boyfriend Dungeon,Xbox,2021
DiRT Rally,Xbox,2021
Broken Age,Xbox,2021
Evil Genius 2: World Domination,Xbox,2021
Donut County,Xbox,2021
DOOM 64,Xbox,2021
Twelve Minutes,Xbox,2021
Dodgeball Academia,Xbox,2021
MechWarrior 5: Mercenaries,Xbox,2021
Star Wars: Squadrons,Xbox,2021
Last Stop,Xbox,2021
Visage,Xbox,2021
Back 4 Blood,Xbox,2021
Moonglow Bay,Xbox,2021
Aliens: Fireteam Elite,Xbox,2021
Breathedge,Xbox,2021
Bloodroots,Xbox,2021
Aragami 2,Xbox,2021
Unpacking,Xbox,2021
For Honor,Xbox,2021
art of rally,Xbox,2021
Totally Accurate Battle Simulator,Xbox,2021
Cris Tales,Xbox,2021
EA SPORTS UFC 4,Xbox,2021
Going Under,Xbox,2021
Marvel's Avengers,Xbox,2021
Before We Leave,Xbox,2021
Raji: An Ancient Epic,Xbox,2021
Backbone,Xbox,2021
Just Cause 4,Xbox,2021
Kill It With Fire,Xbox,2021
The Procession to Calvary,Xbox,2021
Lumines Remastered,Xbox,2021
Empire of Sin,Xbox,2021
FIFA 21 (Xbox One),Xbox,2021
FIFA 21,Xbox,2021
DIRT 5,Xbox,2021
Lawn Mowing Simulator,Xbox,2021
Astria Ascending,Xbox,2021
Grand Theft Auto: San Andreas ??The Definitive Edition,Xbox,2021
Serious Sam 4,Xbox,2021
Generation Zero,Xbox,2021
Recompile,Xbox,2021
Madden NFL 21,Xbox,2021
Lake,Xbox,2021
Craftopia,Xbox,2021
Crown Trick,Xbox,2021
Second Extinction,Xbox,2021
Rubber Bandits,Xbox,2021
Townscaper,Xbox,2021
Into the Pit,Xbox,2021
Exo One,Xbox,2021
Nuclear Throne,Xbox,2021
Madden NFL 21 (Xbox One),Xbox,2021
PAW Patrol: Mighty Pups Save Adventure Bay,Xbox,2021
The Good Life,Xbox,2021
Space Warlord Organ Trading Simulator,Xbox,2021
Gang Beasts,Xbox,2021
Worms Rumble,Xbox,2021
Genesis Noir,Xbox,2021
DEEEER Simulator: Your Average Everyday Deer Game,Xbox,2021
I Am Fish,Xbox,2021
Ben 10: Power Trip,Xbox,2021
Nongunz: Doppelganger Edition,Xbox,2021
SkateBIRD,Xbox,2021
Race with Ryan,Xbox,2021
Surgeon Simulator 2,Xbox,2021
UNSIGHTED,Xbox,2021
Lemnis Gate,Xbox,2021
Dandy Ace,Xbox,2021
Bassmaster Fishing 2022,Xbox,2021
Mind Scanners,Xbox,2021
ANVIL: Vault Breaker,Xbox,2021
Fae Tactics,Xbox,2021
Undungeon,Xbox,2021
Next Space Rebels,Xbox,2021
One Step From Eden,Xbox,2021
Signs of the Sojourner,Xbox,2021
Phoenix Point,Xbox,2021
Immortal Realms: Vampire Wars,Xbox,2021
Transformers: Battlegrounds,Xbox,2021
The Catch: Carp Coarse Fishing,Xbox,2021
Atomicrops,Xbox,2021
Lethal League Blaze,Xbox,2021
The Evil Within (JP),Xbox,2021
