Game,Platform
Backbone,PS4
Backbone,Xbox
Breathedge,PS4
Breathedge,Xbox
Crown Trick,Xbox
Crown Trick,PS4
Curse of the Dead Gods,PS4
Curse of the Dead Gods,Xbox
DEEEER Simulator: Your Average Everyday Deer Game,Xbox
DEEEER Simulator: Your Average Everyday Deer Game,PS4
Dandy Ace,PS4
Dandy Ace,Xbox
Dodgeball Academia,Xbox
Dodgeball Academia,PS4
Flynn: Son of Crimson,PS4
Flynn: Son of Crimson,Xbox
Kill It With Fire,Xbox
Kill It With Fire,PS4
Lost Words: Beyond the Page,PS4
Lost Words: Beyond the Page,Xbox
Octopath Traveler,Xbox
Octopath Traveler,Switch
Omno,Xbox
Omno,PS4
Psychonauts 2,Xbox
Psychonauts 2,PS4
Signs of the Sojourner,PS4
Signs of the Sojourner,Xbox
The Good Life,PS4
The Good Life,Xbox
The Procession to Calvary,PS4
The Procession to Calvary,Xbox
The Wild at Heart,PS4
The Wild at Heart,Xbox
UNSIGHTED,PS4
UNSIGHTED,Xbox
