Game,Year,Platform
Quake (PS4),2021,PS4
Quantum Replica,2021,PS4
Quantum Replica (EU),2021,PS4
QUByte Classics - The Immortal by PIKO,2021,PS4
Quick Mafs (EU) (PS4),2021,PS4
Quick Mafs (PS4),2021,PS4
Q-YO Blaster,2021,PS4
Q-YO Blaster (EU),2021,PS4
Wallachia: Reign of Dracula,2021,PS4
Wallachia: Reign of Dracula (EU),2021,PS4
WarDogs: Red's Return,2021,PS4
Warhammer Age of Sigmar: Storm Ground,2021,PS4
Warui Ousama to Rippa na Yuusha,2021,PS4
Waves Out!,2021,PS4
We Were Here,2021,PS4
We Were Here Together,2021,PS4
We Were Here Too,2021,PS4
WeakWood Throne,2021,PS4
Weapon of Choice DX,2021,PS4
Weapon of Choice DX (EU),2021,PS4
Werewolf: The Apocalypse - Earthblood (PS4),2021,PS4
Werewolf: The Apocalypse - Heart of the Forest,2021,PS4
Werewolf: The Apocalypse - Heart of the Forest (EU),2021,PS4
What The Dub?!,2021,PS4
Where the Heart Leads,2021,PS4
Where the Heart Leads (EU),2021,PS4
Whiskey Mafia: Frank's Story,2021,PS4
Whiskey Mafia: Frank's Story (EU),2021,PS4
Wilmot's Warehouse,2021,PS4
Wind Wind,2021,PS4
Windfolk: Sky is just the beginning,2021,PS4
Windlands 2,2021,PS4
Winds & Leaves,2021,PS4
Wing of Darkness,2021,PS4
Winning Post 9 2021,2021,PS4
Witch Hunter,2021,PS4
Witch Hunter (EU),2021,PS4
Within the Blade (EU) (PS4),2021,PS4
Within the Blade (JP) (PS4),2021,PS4
Within the Blade (PS4),2021,PS4
Wizodd (EU) (PS4),2021,PS4
Wizodd (PS4),2021,PS4
Wonder Boy: Asha in Monster World,2021,PS4
World Soccer Strikers '91,2021,PS4
World Splitter (EU) (PS4),2021,PS4
World Splitter (JP) (PS4),2021,PS4
World Splitter (PS4),2021,PS4
WRC 10 (PS4),2021,PS4
Eagle Island Twist,2021,PS4
EARTH DEFENSE FORCE: WORLD BROTHERS (NA),2021,PS4
Earth Marines,2021,PS4
Earth Marines (EU),2021,PS4
Easter Candy Break,2021,PS4
Easter Candy Break (EU),2021,PS4
Easter Candy Break Head to Head,2021,PS4
Easter Candy Break Head to Head (EU),2021,PS4
eFootball 2022 (PS4),2021,PS4
Eight Dragons (EU) (PS4),2021,PS4
Eight Dragons (HK/TW) (PS4),2021,PS4
Eight Dragons (JP) (PS4),2021,PS4
Eight Dragons (PS4),2021,PS4
Eiyuu Densetsu: Kuro no Kiseki,2021,PS4
El Hijo - A Wild West Tale,2021,PS4
Eldest Souls (PS4),2021,PS4
Elemental Knights R,2021,PS4
Elemental War,2021,PS4
Elemental War (EU),2021,PS4
Elliot (HK/TW),2021,PS4
Elliot (JP),2021,PS4
Embr,2021,PS4
Embr (EU),2021,PS4
Empire of Angels IV,2021,PS4
Empire of Angels IV (EU),2021,PS4
Empire of Angels IV (HK/TW),2021,PS4
Empire of Sin (Asia),2021,PS4
ENDER LILIES: Quietus of the Knights,2021,PS4
Endless Fables: Shadow Within (PS4),2021,PS4
Endocrisis,2021,PS4
Enlisted (PS4),2021,PS4
Enter Digiton: Heart of Corruption (EU) (PS4),2021,PS4
Enter Digiton: Heart of Corruption (HK/TW) (PS4),2021,PS4
Enter Digiton: Heart of Corruption (PS4),2021,PS4
Epic Chef,2021,PS4
Equestrian Training,2021,PS4
Escape from Life Inc (EU) (PS4),2021,PS4
Escape from Life Inc (PS4),2021,PS4
Ever Forward (PS4),2021,PS4
Evertried,2021,PS4
Evil Inside (EU) (PS4),2021,PS4
Evil Inside (HK/TW) (PS4),2021,PS4
Evil Inside (JP) (PS4),2021,PS4
Evil Inside (PS4),2021,PS4
Evoland Legendary Edition (JP),2021,PS4
Exodemon (Asia) (PS4),2021,PS4
Exodemon (EU) (PS4),2021,PS4
Exodemon (PS4),2021,PS4
Explosionade DX,2021,PS4
Explosionade DX (EU),2021,PS4
ExZeus: The Complete Collection,2021,PS4
R.B.I. Baseball 21,2021,PS4
Rabisco+ (EU) (PS4),2021,PS4
Rabisco+ (HK/TW) (PS4),2021,PS4
Rabisco+ (PS4),2021,PS4
Racing - Breakthrough Gaming Arcade,2021,PS4
Racing - Breakthrough Gaming Arcade (EU),2021,PS4
Radio Commander,2021,PS4
Radio Commander (EU),2021,PS4
Radon Blast,2021,PS4
Radon Blast (EU),2021,PS4
Rainbow Billy: The Curse of the Leviathan,2021,PS4
Rainswept (HK/TW),2021,PS4
Raji: An Ancient Epic (JP),2021,PS4
Rally Racing (EU) (PS4),2021,PS4
Rally Racing (PS4),2021,PS4
Ravensword: Shadowlands,2021,PS4
Ravensword: Shadowlands (EU),2021,PS4
Ravva and the Cyclops Curse,2021,PS4
Ravva and the Cyclops Curse (Asia),2021,PS4
Ravva and the Cyclops Curse (EU),2021,PS4
Ravva and the Cyclops Curse (JP),2021,PS4
Re:ZERO -Starting Life in Another World- The Prophecy of the Throne,2021,PS4
Re:ZERO -Starting Life in Another World- The Prophecy of the Throne (Asia),2021,PS4
Red Ronin,2021,PS4
Red Rope: Don't Fall Behind + (JP),2021,PS4
Redout: Space Assault,2021,PS4
Redout: Space Assault (EU),2021,PS4
Reminiscence in the Night (EU) (PS4),2021,PS4
Reminiscence in the Night (PS4),2021,PS4
"Ren'ai, Karichaimashita",2021,PS4
Renzo Racer (PS4),2021,PS4
Rescue HQ - The Tycoon,2021,PS4
Resident Evil Village (PS4),2021,PS4
Restless Night,2021,PS4
Restless Night (EU),2021,PS4
Retrace: Memories of Death,2021,PS4
Retrace: Memories of Death (EU),2021,PS4
Retrace: Memories of Death (HK/TW),2021,PS4
Retro Classix: Joe & Mac - Caveman Ninja,2021,PS4
Retro Classix: Super BurgerTime,2021,PS4
Retro Classix: Wizard Fire,2021,PS4
Retro Machina,2021,PS4
Retro Machina (EU),2021,PS4
RetroMania Wrestling,2021,PS4
Rhythm 'n Bullets,2021,PS4
RICO London (EU),2021,PS4
Riders Republic (PS4),2021,PS4
Riders Republic (PS4),2021,PS4
Rift Adventure,2021,PS4
Rift Racoon (EU) (PS4),2021,PS4
Rift Racoon (HK/TW) (PS4),2021,PS4
Rift Racoon (PS4),2021,PS4
Rigid Force Redux (JP),2021,PS4
RiMS Racing (PS4),2021,PS4
Rise Eterna,2021,PS4
Rise Eterna (EU),2021,PS4
Rise Eterna (JP),2021,PS4
Rise of the Slime (EU) (PS4),2021,PS4
Rise of the Slime (PS4),2021,PS4
Rising Hell,2021,PS4
Rising Hell (Asia),2021,PS4
Rising Hell (EU),2021,PS4
Road Fury,2021,PS4
Road Fury (EU),2021,PS4
Rocket Punch,2021,PS4
Rodent Warriors,2021,PS4
Rodent Warriors (EU),2021,PS4
Rogue Explorer (Asia) (PS4),2021,PS4
Rogue Explorer (EU) (PS4),2021,PS4
Rogue Explorer (JP) (PS4),2021,PS4
Rogue Explorer (PS4),2021,PS4
Rogue Wizards,2021,PS4
Rogue Wizards (EU),2021,PS4
Romancing SaGa 3 (Asia),2021,PS4
Roombo: First Blood,2021,PS4
Roombo: First Blood (EU),2021,PS4
Root Film,2021,PS4
Root Film (EU),2021,PS4
R-Type Final 2,2021,PS4
R-Type Final 2 (Asia),2021,PS4
Ruined King: A League of Legends Story,2021,PS4
Ruinverse (PS4),2021,PS4
Run Little Hero,2021,PS4
Rust: Console Edition,2021,PS4
Rustler (PS4),2021,PS4
Taco Break,2021,PS4
Taco Break (EU),2021,PS4
Taco Break Head to Head,2021,PS4
Taco Break Head to Head (EU),2021,PS4
Tails Of Iron (PS4),2021,PS4
Taishogun: The Rise of Emperor,2021,PS4
Takorita Meets Fries (EU) (PS4),2021,PS4
Takorita Meets Fries (JP) (PS4),2021,PS4
Takorita Meets Fries (PS4),2021,PS4
Tales of Arise (PS4),2021,PS4
Tandem: A Tale of Shadows,2021,PS4
Tangle Tower,2021,PS4
Tank Mechanic Simulator,2021,PS4
Tank Mechanic Simulator (EU),2021,PS4
Tanks vs Tanks,2021,PS4
Tanks vs Tanks (EU),2021,PS4
Tantei Bokumetsu,2021,PS4
Tanuki Justice,2021,PS4
Tanuki Justice (EU),2021,PS4
Taxi Chaos,2021,PS4
Taxi Chaos (Asia),2021,PS4
Taxi Chaos (JP),2021,PS4
Taxi Driver - The Simulator,2021,PS4
Teacup,2021,PS4
Techno Tanks,2021,PS4
Techno Tanks (EU),2021,PS4
Tennis Club Story,2021,PS4
Teratopia,2021,PS4
Teratopia (Asia),2021,PS4
Teratopia (EU),2021,PS4
Tetragon,2021,PS4
Tetragon (EU),2021,PS4
The Addams Family: Mansion Mayhem,2021,PS4
The Amazing American Circus,2021,PS4
The Amazing American Circus (EU),2021,PS4
The Angry 4 (EU) (PS4),2021,PS4
The Angry 4 (PS4),2021,PS4
The Caligula Effect 2,2021,PS4
THE CASINO COLLECTION,2021,PS4
The Childs Sight,2021,PS4
The Childs Sight (EU),2021,PS4
The Colonists,2021,PS4
The Colonists (EU),2021,PS4
The Colonists (JP),2021,PS4
The Dark Eye: Chains of Satinav,2021,PS4
The Dark Eye: Chains of Satinav (EU),2021,PS4
The Dark Eye: Memoria,2021,PS4
The Dark Eye: Memoria (EU),2021,PS4
The Dark Pictures Anthology: House of Ashes (PS4),2021,PS4
The Darkside Detective (EU) (PS4),2021,PS4
The Darkside Detective (PS4),2021,PS4
The Darkside Detective: A Fumble in the Dark (EU) (PS4),2021,PS4
The Darkside Detective: A Fumble in the Dark (PS4),2021,PS4
The Drone Racing League Simulator,2021,PS4
The Dungeon of Naheulbeuk: The Amulet of Chaos - Chicken Edition,2021,PS4
The Dungeon of Naheulbeuk: The Amulet of Chaos - Chicken Edition (EU),2021,PS4
The Eternal Castle [Remastered],2021,PS4
The Eternal Cylinder,2021,PS4
The Explorer of Night,2021,PS4
The Falconeer: Warrior Edition (PS4),2021,PS4
The Five Covens,2021,PS4
The Forgotten City (EU) (PS4),2021,PS4
The Forgotten City (PS4),2021,PS4
The Gem Collector,2021,PS4
The Gem Collector (EU),2021,PS4
The Good Life,2021,PS4
The Great Ace Attorney Chronicles,2021,PS4
The Great Ace Attorney Chronicles (Asia),2021,PS4
The Great Ace Attorney Chronicles (EU),2021,PS4
The Guy VR,2021,PS4
THE iDOLM@STER STARLIT SEASON,2021,PS4
The Innsmouth Case,2021,PS4
The Innsmouth Case (EU),2021,PS4
The Jackbox Party Pack 8 (EU) (PS4),2021,PS4
The Jackbox Party Pack 8 (PS4),2021,PS4
THE KING OF FIGHTERS 2002 UNLIMITED MATCH,2021,PS4
THE KNIGHT OF QUEEN,2021,PS4
The Last Kids on Earth and the Staff of Doom,2021,PS4
The Last Show of Mr. Chardish,2021,PS4
The Last Stand: Aftermath (PS4),2021,PS4
The Legend of Nayuta: Boundless Trails (JP),2021,PS4
The Lost Cube,2021,PS4
The Lost Cube (EU),2021,PS4
The Marauder Chronicles: Curse Over Valdria (EU) (PS4),2021,PS4
The Marauder Chronicles: Curse Over Valdria (PS4),2021,PS4
The Pedestrian (PS4),2021,PS4
The Perplexing Orb (EU),2021,PS4
The Pillar: Puzzle Escape,2021,PS4
The Pillar: Puzzle Escape (EU),2021,PS4
The Pillar: Puzzle Escape (HK/TW),2021,PS4
The Pillar: Puzzle Escape (JP),2021,PS4
The Prince of Landis (PS4),2021,PS4
The Procession to Calvary,2021,PS4
The Procession to Calvary (EU),2021,PS4
The Ramen Sensei,2021,PS4
The Sisters - Party of the Year,2021,PS4
The Skylia Prophecy,2021,PS4
The Skylia Prophecy (Asia),2021,PS4
The Skylia Prophecy (EU),2021,PS4
The Smurfs - Mission Vileaf (PS4),2021,PS4
The Sokoban,2021,PS4
The StoryTale,2021,PS4
The StoryTale (EU),2021,PS4
The StoryTale (HK/TW),2021,PS4
The TakeOver,2021,PS4
The Touryst (PS4),2021,PS4
The Wild at Heart,2021,PS4
The Wild at Heart (EU),2021,PS4
Thunderflash (EU) (PS4),2021,PS4
Thunderflash (HK/TW) (PS4),2021,PS4
Thunderflash (JP) (PS4),2021,PS4
Thunderflash (PS4),2021,PS4
Timothy and the Mysterious Forest,2021,PS4
Timothy and the Mysterious Forest (EU),2021,PS4
Tinker Racers,2021,PS4
Tiny Hands Adventure,2021,PS4
Titan Chaser,2021,PS4
Titan Chaser (EU),2021,PS4
Toaplan Arcade Garage: Kyukyoku Tiger-Heli,2021,PS4
TOHU,2021,PS4
Tokyo Run,2021,PS4
Tokyo Run (Asia),2021,PS4
Tokyo Run (EU),2021,PS4
Touhou Genso Wanderer -Lotus Labyrinth R-,2021,PS4
Touhou Hyouibana ~Antinomy of Common Flowers.,2021,PS4
Tour de France 2021 (PS4),2021,PS4
Tower of Balloons: Otterrific Arcade,2021,PS4
Tower of Balloons: Otterrific Arcade (EU),2021,PS4
Toy Soldiers HD,2021,PS4
Track - Breakthrough Gaming Arcade,2021,PS4
Track - Breakthrough Gaming Arcade (EU),2021,PS4
Track (Challenge Mode Edition) - Breakthrough Gaming Arcade,2021,PS4
Track (Challenge Mode Edition) - Breakthrough Gaming Arcade (EU),2021,PS4
Traditional Tactics Ne+,2021,PS4
Traffic Jams,2021,PS4
Trails and Traces: The Tomb of Thomas Tew (EU) (PS4),2021,PS4
Trails and Traces: The Tomb of Thomas Tew (HK/TW) (PS4),2021,PS4
Trails and Traces: The Tomb of Thomas Tew (PS4),2021,PS4
Train Station Renovation,2021,PS4
Train Station Renovation (EU),2021,PS4
Transient,2021,PS4
Treasure Hunter Simulator,2021,PS4
Trenga Unlimited,2021,PS4
Tri6: Infinite,2021,PS4
Tri6: Infinite (EU),2021,PS4
Tribal Pass,2021,PS4
Tribal Pass (EU),2021,PS4
Tribes of Midgard (EU) (PS4),2021,PS4
Tribes of Midgard (PS4),2021,PS4
Trigger Witch (EU) (PS4),2021,PS4
Trigger Witch (HK/TW) (PS4),2021,PS4
Trigger Witch (JP) (PS4),2021,PS4
Trigger Witch (PS4),2021,PS4
Tsukihime -A piece of blue glass moon-,2021,PS4
Turok,2021,PS4
Turok 2: Seeds of Evil,2021,PS4
Turrican Flashback Collection,2021,PS4
Turrican Flashback Collection (EU),2021,PS4
TY the Tasmanian Tiger 2: Bush Rescue HD,2021,PS4
YesterMorrow (JP),2021,PS4
Yet Another Zombie Defense HD,2021,PS4
Yoko & Yuki: Dr. Rat's Revenge,2021,PS4
Yoko & Yuki: Dr. Rat's Revenge (EU),2021,PS4
YOU ARE BEING FOLLOWED,2021,PS4
Youtubers Life 2,2021,PS4
Youtubers Life 2 (EU),2021,PS4
Youtubers Life 2 (JP),2021,PS4
Ys IX: Monstrum Nox,2021,PS4
YUKI,2021,PS4
Yuoni (PS4),2021,PS4
Yupitergrad,2021,PS4
Yuru Camp??Have a nice day!,2021,PS4
Ultimate Custom Night,2021,PS4
Ultimate Ski Jumping 2020,2021,PS4
Ultimate Ski Jumping 2020 (EU),2021,PS4
Ultra Age,2021,PS4
Ultra Age (Asia),2021,PS4
Ultra Age (EU),2021,PS4
Ultra Age (JP),2021,PS4
UltraGoodness 2 (Asia) (PS4),2021,PS4
UltraGoodness 2 (EU) (PS4),2021,PS4
UltraGoodness 2 (PS4),2021,PS4
Umineko no Naku Koro ni Saku ~Nekobako to Musou no Koukyoukyoku~,2021,PS4
Underland,2021,PS4
UnderMine,2021,PS4
Undernauts: Labyrinth of Yomi (PS4),2021,PS4
Unicorn Break,2021,PS4
Unicorn Break (EU),2021,PS4
Unicorn Break Head to Head,2021,PS4
Unicorn Break Head to Head (EU),2021,PS4
UniPlex (PS4),2021,PS4
UnMetal,2021,PS4
UnMetal (EU),2021,PS4
UNSIGHTED,2021,PS4
UNSIGHTED (EU),2021,PS4
Unspottable,2021,PS4
Unto The End (Asia),2021,PS4
Urban Trial Tricky Deluxe Edition,2021,PS4
Urban Trial Tricky Deluxe Edition (EU),2021,PS4
Utawarerumono: Zan 2 (PS4),2021,PS4
I Am Dead (PS4),2021,PS4
I Expect You To Die 2: The Spy and the Liar,2021,PS4
I Saw Black Clouds,2021,PS4
Immortus Temporus,2021,PS4
Immortus Temporus (Asia),2021,PS4
Immortus Temporus (EU),2021,PS4
Immortus Temporus (JP),2021,PS4
In Celebration of Violence (Asia),2021,PS4
In rays of the Light (EU) (PS4),2021,PS4
In rays of the Light (PS4),2021,PS4
Incredible Mandy,2021,PS4
Independence Day Break,2021,PS4
Independence Day Break (EU),2021,PS4
Independence Day Break Head to Head,2021,PS4
Independence Day Break Head to Head (EU),2021,PS4
Indigo 7 Quest for love,2021,PS4
Indigo 7 Quest for love (EU),2021,PS4
Infestor (Asia) (PS4),2021,PS4
Infestor (EU) (PS4),2021,PS4
Infestor (PS4),2021,PS4
Infinite Arrow,2021,PS4
Inked: A Tale of Love,2021,PS4
Inked: A Tale of Love (EU),2021,PS4
Insomnis,2021,PS4
Inspector Waffles,2021,PS4
Instant Sports Paradise,2021,PS4
Insurgency: Sandstorm,2021,PS4
Into A Dream,2021,PS4
Into A Dream (EU),2021,PS4
Ion Driver,2021,PS4
Iris.Fall,2021,PS4
Iris.Fall (EU),2021,PS4
Iris.Fall (JP),2021,PS4
ISLANDERS: Console Edition,2021,PS4
ISLANDERS: Console Edition (EU),2021,PS4
It Takes Two (PS4),2021,PS4
Itadaki Smash,2021,PS4
Itadaki Smash (EU),2021,PS4
Observer: System Redux (EU) (PS4),2021,PS4
Observer: System Redux (JP) (PS4),2021,PS4
Observer: System Redux (PS4),2021,PS4
OctaFight,2021,PS4
OctaFight,2021,PS4
Oddworld: Soulstorm (PS4),2021,PS4
Off And On Again,2021,PS4
Okinawa Rush,2021,PS4
Olija,2021,PS4
Olympic Games Tokyo 2020 - The Official Video Game,2021,PS4
Omno,2021,PS4
Omoide ni Kawaru Kimi ~Memories Off~,2021,PS4
On The Road - Truck Simulator,2021,PS4
One Escape (EU) (PS4),2021,PS4
One Escape (HK/TW) (PS4),2021,PS4
One Escape (JP) (PS4),2021,PS4
One Escape (PS4),2021,PS4
One-Eyed Lee and the Dinner Party (PS4),2021,PS4
One-Eyed Lee and the Dinner Party (PS4),2021,PS4
One-Eyed Lee and the Dinner Party (Asia) (PS4),2021,PS4
"Oni Ama -Watashi ni Amaete, Onii-chan-",2021,PS4
Ooops! 2,2021,PS4
Open Country,2021,PS4
Operation: Tango (EU) (PS4),2021,PS4
Operation: Tango (PS4),2021,PS4
Orbibot (EU) (PS4),2021,PS4
Orbibot (PS4),2021,PS4
Orbital Racer,2021,PS4
Orbital Racer (EU),2021,PS4
Orcs Must Die! 3,2021,PS4
Order of Battle: World War II,2021,PS4
Our Church and Halloween RPG - Story Four,2021,PS4
Our Church and Halloween RPG - Story One,2021,PS4
Our Church and Halloween RPG - Story One (EU),2021,PS4
Our Church and Halloween RPG - Story Three,2021,PS4
Our Church and Halloween RPG - Story Three (EU),2021,PS4
Our Church and Halloween RPG - Story Two,2021,PS4
Our Church and Halloween RPG - Story Two (EU),2021,PS4
Our Church and Halloween RPG - Story Four (EU),2021,PS4
Outbreak: Endless Nightmares (EU) (PS4),2021,PS4
Outbreak: Endless Nightmares (PS4),2021,PS4
Outbuddies DX,2021,PS4
Outbuddies DX (EU),2021,PS4
Outbuddies DX (JP),2021,PS4
Outriders (PS4),2021,PS4
Overcooked! All You Can Eat (PS4),2021,PS4
Pachi Pachi on a roll,2021,PS4
Pachi Pachi on a roll (HK/TW),2021,PS4
Pachi Pachi on a roll (JP),2021,PS4
Paint the Town Red (PS4),2021,PS4
Panorama Cotton,2021,PS4
Papa's Quiz,2021,PS4
Papa's Quiz (EU),2021,PS4
Paradise Lost,2021,PS4
Paradise Lost (EU),2021,PS4
Paradox Error,2021,PS4
Paradox Error (EU),2021,PS4
Paradox Error (HK/TW),2021,PS4
PAW Patrol The Movie: Adventure City Calls,2021,PS4
Persona 5 Strikers,2021,PS4
Pets No More,2021,PS4
Phoenix Point: Behemoth Edition,2021,PS4
Phoenotopia: Awakening,2021,PS4
Pile Up! Box by Box,2021,PS4
Pine,2021,PS4
Pinkman+ (EU) (PS4),2021,PS4
Pinkman+ (HK/TW) (PS4),2021,PS4
Pinkman+ (PS4),2021,PS4
Pizza Break,2021,PS4
Pizza Break (EU),2021,PS4
Pizza Break Head to Head,2021,PS4
Pizza Break Head to Head (EU),2021,PS4
PJ Masks: Heroes Of The Night,2021,PS4
PJ Masks: Heroes of the Night (EU),2021,PS4
Pocket Harvest,2021,PS4
POCOYO PARTY,2021,PS4
Poison Control,2021,PS4
Poker Pretty Girls Battle: Fantasy World Edition (EU) (PS4),2021,PS4
Poker Pretty Girls Battle: Fantasy World Edition (HK/TW) (PS4),2021,PS4
Poker Pretty Girls Battle: Fantasy World Edition (JP) (PS4),2021,PS4
Poker Pretty Girls Battle: Fantasy World Edition (PS4),2021,PS4
Poker Pretty Girls Battle: Texas Hold'em (EU) (PS4),2021,PS4
Poker Pretty Girls Battle: Texas Hold'em (HK/TW) (PS4),2021,PS4
Poker Pretty Girls Battle: Texas Hold'em (JP) (PS4),2021,PS4
Poker Pretty Girls Battle: Texas Hold'em (PS4),2021,PS4
Poly Party,2021,PS4
Ponpu (Asia),2021,PS4
POSTAL Redux,2021,PS4
Potion Party,2021,PS4
Potion Party (EU),2021,PS4
Pretty Girls Klondike Solitaire (EU) (PS4),2021,PS4
Pretty Girls Klondike Solitaire (HK/TW) (PS4),2021,PS4
Pretty Girls Klondike Solitaire (JP) (PS4),2021,PS4
Pretty Girls Klondike Solitaire (PS4),2021,PS4
Pretty Girls Mahjong Solitaire (EU) (PS4),2021,PS4
Pretty Girls Mahjong Solitaire (HK/TW) (PS4),2021,PS4
Pretty Girls Mahjong Solitaire (JP) (PS4),2021,PS4
Pretty Girls Mahjong Solitaire (PS4),2021,PS4
Pretty Girls Panic! (EU) (PS4),2021,PS4
Pretty Girls Panic! (HK/TW) (PS4),2021,PS4
Pretty Girls Panic! (JP) (PS4),2021,PS4
Pretty Girls Panic! (PS4),2021,PS4
Pretty Girls Panic! PLUS (EU) (PS4),2021,PS4
Pretty Girls Panic! PLUS (HK/TW) (PS4),2021,PS4
Pretty Girls Panic! PLUS (JP) (PS4),2021,PS4
Pretty Girls Panic! PLUS (PS4),2021,PS4
Preventive Strike,2021,PS4
Princess.Loot.Pixel.Again,2021,PS4
Princess.Loot.Pixel.Again (EU),2021,PS4
Pro Deer Hunting 2,2021,PS4
Pro Deer Hunting 2 (EU),2021,PS4
Probe: A Game Dev Experience,2021,PS4
Project Starship X,2021,PS4
Project Starship X (EU),2021,PS4
Project Starship X (HK/TW),2021,PS4
Project Starship X (JP),2021,PS4
Project Winter,2021,PS4
Promesa,2021,PS4
Promesa (EU),2021,PS4
Protocol,2021,PS4
Psychonauts 2,2021,PS4
Psychonauts 2 (EU),2021,PS4
"Pukan, Bye-Bye!",2021,PS4
"Pukan, Bye-Bye! (EU)",2021,PS4
Pumpkin Jack (EU) (PS4),2021,PS4
Pumpkin Jack (JP) (PS4),2021,PS4
Pumpkin Jack (PS4),2021,PS4
PUSS!,2021,PS4
Puzzle Bobble 3D: Vacation Odyssey (PS4),2021,PS4
Puzzle Frenzy,2021,PS4
Puzzle Frenzy (EU),2021,PS4
A Day Without Me,2021,PS4
A Gummy's Life (PS4),2021,PS4
A Juggler's Tale,2021,PS4
A Little Lily Princess (EU) (PS4),2021,PS4
A Little Lily Princess (PS4),2021,PS4
A Short Hike,2021,PS4
Aborigenus,2021,PS4
Aborigenus (Asia),2021,PS4
Aborigenus (JP),2021,PS4
Acalesia,2021,PS4
Acalesia (EU),2021,PS4
Action Arcade Wrestling,2021,PS4
Active Neurons 3 - Wonders Of The World (EU) (PS4),2021,PS4
Active Neurons 3 - Wonders Of The World (PS4),2021,PS4
Aeon Drive (PS4),2021,PS4
Aeon Must Die!,2021,PS4
Aerial_Knight's Never Yield (EU) (PS4),2021,PS4
Aerial_Knight's Never Yield (PS4),2021,PS4
Aery - A Journey Beyond Time,2021,PS4
Aery - A Journey Beyond Time (EU),2021,PS4
Aery - Broken Memories,2021,PS4
Aery - Broken Memories (EU),2021,PS4
Aery - Calm Mind,2021,PS4
Aery - Calm Mind (EU),2021,PS4
Aery - Little Bird Adventure,2021,PS4
Aery - Little Bird Adventure (EU),2021,PS4
Aery - Sky Castle,2021,PS4
Aery - Sky Castle (EU),2021,PS4
Agatha Christie - Hercule Poirot: The First Cases,2021,PS4
Aground,2021,PS4
Ai Kiss 2,2021,PS4
Air Bounce - The Jump 'n' Run Challenge,2021,PS4
Air Bounce - The Jump 'n' Run Challenge (EU),2021,PS4
AKIBA'S TRIP: Hellbound & Debriefed,2021,PS4
Akiba's Trip: Hellbound & Debriefed (Asia),2021,PS4
Akiba's Trip: Hellbound & Debriefed (JP),2021,PS4
Akinofa (EU) (PS4),2021,PS4
Akinofa (HK/TW) (PS4),2021,PS4
Akinofa (PS4),2021,PS4
Akita Oga Mystery Annai: Kogoeru Ginreika,2021,PS4
Alba: A Wildlife Adventure (EU) (PS4),2021,PS4
Alba: A Wildlife Adventure (PS4),2021,PS4
Alchemist Adventure,2021,PS4
Alchemist Adventure (Asia),2021,PS4
Alchemist Adventure (EU),2021,PS4
Alchemist Adventure (JP),2021,PS4
Alex Kidd in Miracle World DX (PS4),2021,PS4
Alien Destroyer,2021,PS4
Alien Destroyer (EU),2021,PS4
Aliens: Fireteam Elite (PS4),2021,PS4
Alphadia Genesis 2 (PS4),2021,PS4
ALTDEUS: Beyond Chronos,2021,PS4
ALTDEUS: Beyond Chronos (Asia),2021,PS4
Alveole (PS4),2021,PS4
Alveole (EU) (PS4),2021,PS4
ALVO VR,2021,PS4
American Hero,2021,PS4
An Evil Existence,2021,PS4
Angels of Death,2021,PS4
Angels of Death (EU),2021,PS4
Angels of Death (JP),2021,PS4
Angels with Scaly Wings (EU) (PS4),2021,PS4
Angels with Scaly Wings (PS4),2021,PS4
Angry Video Game Nerd I & II Deluxe,2021,PS4
Animal Doctor,2021,PS4
Animal Doctor (EU),2021,PS4
Animal Rivals,2021,PS4
Anna's Quest,2021,PS4
Annihilation (EU),2021,PS4
Anodyne 2: Return to Dust (EU) (PS4),2021,PS4
Anodyne 2: Return to Dust (HK/TW) (PS4),2021,PS4
Anodyne 2: Return to Dust (JP) (PS4),2021,PS4
Anodyne 2: Return to Dust (PS4),2021,PS4
Another Dawn,2021,PS4
Another Dawn (EU),2021,PS4
Apple Slash (EU) (PS4),2021,PS4
Apple Slash (PS4),2021,PS4
Apsulov: End of Gods (PS4),2021,PS4
Ar nosurge ~Umareizuru Hoshi e Inoru Shi~ DX,2021,PS4
Arab Drift Cars,2021,PS4
Aragami 2 (PS4),2021,PS4
Arashi: Castles of Sin,2021,PS4
Arcade Archives BIO-SHIP PALADIN,2021,PS4
Arcade Archives Block Hole,2021,PS4
Arcade Archives Crime Fighters,2021,PS4
Arcade Archives Cybattler,2021,PS4
Arcade Archives DARWIN 4078,2021,PS4
Arcade Archives Frisky Tom,2021,PS4
Arcade Archives Guerilla War,2021,PS4
Arcade Archives GUZZLER,2021,PS4
Arcade Archives HACHA MECHA FIGHTER,2021,PS4
Arcade Archives Halley's Comet,2021,PS4
Arcade Archives KURIKINTON,2021,PS4
Arcade Archives Legend of Makai,2021,PS4
Arcade Archives Ninja Kazan,2021,PS4
Arcade Archives PIRATE PETE,2021,PS4
Arcade Archives RAIDEN,2021,PS4
Arcade Archives Rod Land,2021,PS4
Arcade Archives SABOTEN BOMBERS,2021,PS4
Arcade Archives SEA FIGHTER POSEIDON,2021,PS4
Arcade Archives SEICROSS,2021,PS4
Arcade Archives SHINGEN SAMURAI-FIGHTER,2021,PS4
Arcade Archives Swimmer,2021,PS4
Arcade Archives TASK FORCE HARRIER,2021,PS4
Arcade Archives THE ASTYANAX,2021,PS4
Arcade Archives THUNDER CROSS II,2021,PS4
Arcade Archives Thunder Dragon,2021,PS4
Arcade Archives TIME PILOT ??4,2021,PS4
Arcade Archives VANDYKE,2021,PS4
Arcade Archives VENDETTA,2021,PS4
Arietta of Spirits,2021,PS4
Arkan: The dog adventurer (EU) (PS4),2021,PS4
Arkan: The dog adventurer (PS4),2021,PS4
Arkham Horror: Mother's Embrace,2021,PS4
Armed Emeth,2021,PS4
Arrog,2021,PS4
Arrog (EU),2021,PS4
art of rally (PS4),2021,PS4
Ascendance,2021,PS4
Ascendshaft and Endless Shaft,2021,PS4
Ascendshaft and Endless Shaft (EU),2021,PS4
Asdivine Cross,2021,PS4
Assault On Metaltron,2021,PS4
Astalon: Tears of the Earth,2021,PS4
Astria Ascending (PS4),2021,PS4
ASTRO AQUA KITTY,2021,PS4
Atelier Firis: The Alchemist and the Mysterious Journey DX,2021,PS4
Atelier Lydie & Suelle: The Alchemists and the Mysterious Paintings DX,2021,PS4
Atelier Ryza 2: Lost Legends & the Secret Fairy (PS4),2021,PS4
Atelier Sophie: The Alchemist of the Mysterious Book DX,2021,PS4
Auto Chess (EU) (PS4),2021,PS4
Auto Chess (PS4),2021,PS4
Avoid Them - Breakthrough Gaming Arcade,2021,PS4
AWAY: The Survival Series (PS4),2021,PS4
Axiom Verge 2 (PS4),2021,PS4
Sable's Grimoire (EU) (PS4),2021,PS4
Sable's Grimoire (PS4),2021,PS4
Saboteur SiO,2021,PS4
Saboteur SiO (EU),2021,PS4
SaGa Frontier Remastered,2021,PS4
Saint Patrick's Day Break,2021,PS4
Saint Patrick's Day Break (EU),2021,PS4
Saint Patrick's Day Break Head to Head,2021,PS4
Saint Patrick's Day Break Head to Head (EU),2021,PS4
Sakura Nova (EU) (PS4),2021,PS4
Sakura Nova (JP) (PS4),2021,PS4
Sakura Nova (PS4),2021,PS4
Sakura Succubus (EU) (PS4),2021,PS4
Sakura Succubus (JP) (PS4),2021,PS4
Sakura Succubus (PS4),2021,PS4
Sakura Succubus 2 (EU) (PS4),2021,PS4
Sakura Succubus 2 (JP) (PS4),2021,PS4
Sakura Succubus 2 (PS4),2021,PS4
Sakura Succubus 3 (EU) (PS4),2021,PS4
Sakura Succubus 3 (JP) (PS4),2021,PS4
Sakura Succubus 3 (PS4),2021,PS4
Sakura Succubus 4 (EU) (PS4),2021,PS4
Sakura Succubus 4 (JP) (PS4),2021,PS4
Sakura Succubus 4 (PS4),2021,PS4
Sakura Swim Club (EU) (PS4),2021,PS4
Sakura Swim Club (JP) (PS4),2021,PS4
Sakura Swim Club (PS4),2021,PS4
Samurai Jack: Battle Through Time (JP),2021,PS4
Samurai Warriors 5,2021,PS4
Samurai Warriors 5 (Asia),2021,PS4
Sanity of Morris,2021,PS4
Savage Halloween,2021,PS4
Save Your Nuts,2021,PS4
Save Your Nuts (EU),2021,PS4
Scarlet Nexus (PS4),2021,PS4
Scott Pilgrim vs the World: The Game - Complete Edition,2021,PS4
ScourgeBringer,2021,PS4
Scrap Garden,2021,PS4
Scrap Garden (EU),2021,PS4
Secret Neighbor,2021,PS4
Secret Neighbor (EU),2021,PS4
Selma and the Wisp,2021,PS4
Sengoku+Koihime ~Otome Kenran * Sengoku Emaki~,2021,PS4
Sense - A Cyberpunk Ghost Story,2021,PS4
Sense: A Cyberpunk Ghost Story (HK/TW),2021,PS4
Shadow Corridor,2021,PS4
Shadows of Adam,2021,PS4
Shadows of Kurgansk,2021,PS4
Shadows of Kurgansk (EU),2021,PS4
Shakes On A Plane,2021,PS4
Shakes On A Plane (EU),2021,PS4
Shantae: Half-Genie Hero Ultimate Edition,2021,PS4
Shaolin vs Wutang,2021,PS4
Sheepo (EU) (PS4),2021,PS4
Sheepo (PS4),2021,PS4
Sherlock Holmes: The Devil's Daughter,2021,PS4
Shin Hayarigami 3,2021,PS4
Shin Megami Tensei III Nocturne HD Remaster,2021,PS4
Shin Megami Tensei III Nocturne HD Remaster (EU),2021,PS4
Shing! (JP) (PS4),2021,PS4
Shiro,2021,PS4
Shiro (EU),2021,PS4
Shiro (HK/TW),2021,PS4
Shoot 1UP DX,2021,PS4
Shoot 1UP DX (EU),2021,PS4
Shotgun Farmers,2021,PS4
Shoujo Shuryou no Suiri Ryouiki -Ougon Shima no Mitsuyaku-,2021,PS4
Shred! 2 - ft Sam Pilgrim,2021,PS4
Signs of the Sojourner,2021,PS4
Signs of the Sojourner (EU),2021,PS4
Silver Chains,2021,PS4
Silver Chains (JP),2021,PS4
Sin Slayers,2021,PS4
Sin Slayers (EU),2021,PS4
SINce Memories: Hoshi no Sora no Shite De,2021,PS4
Sir Lovelot (EU) (PS4),2021,PS4
Sir Lovelot (HK/TW) (PS4),2021,PS4
Sir Lovelot (JP) (PS4),2021,PS4
Sir Lovelot (PS4),2021,PS4
Skate City,2021,PS4
Skate City (EU),2021,PS4
Skateboarding - Breakthrough Gaming Arcade,2021,PS4
Skateboarding - Breakthrough Gaming Arcade (EU),2021,PS4
Skeletal Avenger (PS4),2021,PS4
Skul: The Hero Slayer,2021,PS4
SkullPirates,2021,PS4
SkyDrift Infinity,2021,PS4
Skyland: Heart of the Mountain (PS4),2021,PS4
Smashing the Battle: Ghost Soul,2021,PS4
Smelter (PS4),2021,PS4
Sniper Elite VR,2021,PS4
Sniper Ghost Warrior Contracts 2 (JP) (PS4),2021,PS4
Sniper Ghost Warrior Contracts 2 (PS4),2021,PS4
SokoBunny,2021,PS4
Solaris Offworld Combat,2021,PS4
Solitaire TriPeaks Flowers,2021,PS4
Sonar Beat,2021,PS4
Song in the Smoke,2021,PS4
Song of Horror,2021,PS4
Song of Horror (Asia),2021,PS4
Songbird Symphony (Asia),2021,PS4
Sonic Colors: Ultimate,2021,PS4
SoulFrost,2021,PS4
SoulFrost (EU),2021,PS4
SoulFrost (HK/TW),2021,PS4
Space - Breakthrough Gaming Arcade,2021,PS4
Space - Breakthrough Gaming Arcade (EU),2021,PS4
Space 2 - Breakthrough Gaming Arcade,2021,PS4
Space Break,2021,PS4
Space Break (EU),2021,PS4
Space Break 2,2021,PS4
Space Break 2 (EU),2021,PS4
Space Break 2 Head to Head,2021,PS4
Space Break 2 Head to Head (EU),2021,PS4
Space Break Head to Head,2021,PS4
Space Break Head to Head (EU),2021,PS4
Space Crew (JP),2021,PS4
Space Explore,2021,PS4
Space Explore (EU),2021,PS4
Space Explore VR,2021,PS4
Space Explore VR (EU),2021,PS4
Space Intervention,2021,PS4
Space Intervention (Asia),2021,PS4
Space Intervention (EU),2021,PS4
Space Invaders Forever (JP),2021,PS4
Space Moth: Lunar Edition,2021,PS4
Space Otter Charlie,2021,PS4
Space Revenge (EU) (PS4),2021,PS4
Space Revenge (PS4),2021,PS4
Spacebase Startopia (EU) (PS4),2021,PS4
Spacebase Startopia (JP) (PS4),2021,PS4
Spacebase Startopia (PS4),2021,PS4
Sparkle 2 EVO,2021,PS4
Sparkle 2 EVO (EU),2021,PS4
Spartan Fist (Asia),2021,PS4
Spectrewoods,2021,PS4
Spectrewoods (EU),2021,PS4
Speed Limit,2021,PS4
Speed Limit (Asia),2021,PS4
Speed Limit (EU),2021,PS4
Spelunker HD Deluxe,2021,PS4
Spencer,2021,PS4
Spencer (EU),2021,PS4
Spice and Wolf VR2,2021,PS4
Splitgate (PS4),2021,PS4
Spooky Chase,2021,PS4
Squad Killer,2021,PS4
Squad Killer (EU),2021,PS4
Squad Killer (HK/TW),2021,PS4
SRX: The Game (EU) (PS4),2021,PS4
SRX: The Game (PS4),2021,PS4
Star Hunter DX,2021,PS4
Star Hunter DX (Asia),2021,PS4
Star Hunter DX (EU),2021,PS4
Star Renegades,2021,PS4
Star Renegades (EU),2021,PS4
Star Renegades (JP),2021,PS4
Star Wars Pinball VR,2021,PS4
Star Wars: Republic Commando,2021,PS4
Star Wars: Republic Commando (EU),2021,PS4
STARLITE: Defender of Justice,2021,PS4
Station Manager,2021,PS4
Steamroll: Rustless Edition,2021,PS4
Steamroll: Rustless Edition (EU),2021,PS4
Steven Universe: Unleash the Light,2021,PS4
Steven Universe: Unleash the Light (EU),2021,PS4
Stilstand,2021,PS4
Stonefly,2021,PS4
Stonefly (EU),2021,PS4
STORY OF SEASONS: Friends of Mineral Town,2021,PS4
Strategic Mind: Blitzkrieg,2021,PS4
Strategic Mind: Blitzkrieg (EU),2021,PS4
Strategic Mind: The Pacific,2021,PS4
Strategic Mind: The Pacific (EU),2021,PS4
Street Outlaws 2: Winner Takes All (PS4),2021,PS4
Strike Force 2 - Terrorist Hunt,2021,PS4
Struggling,2021,PS4
Struggling (EU),2021,PS4
Stubbs the Zombie in Rebel Without a Pulse,2021,PS4
SturmFront - The Mutant War: ?bel Edition,2021,PS4
Subnautica: Below Zero (PS4),2021,PS4
Sugar*Style,2021,PS4
Sumatra: Fate of Yandi (EU) (PS4),2021,PS4
Sumatra: Fate of Yandi (HK/TW) (PS4),2021,PS4
Sumatra: Fate of Yandi (PS4),2021,PS4
Sun Wukong VS Robot (EU) (PS4),2021,PS4
Sun Wukong VS Robot (HK/TW) (PS4),2021,PS4
Sun Wukong VS Robot (PS4),2021,PS4
Sunless Skies: Sovereign Edition,2021,PS4
Super Animal Royale (PS4),2021,PS4
Super Arcade Soccer 2021,2021,PS4
Super Bomberman R Online,2021,PS4
Super Destronaut DX-2 (EU) (PS4),2021,PS4
Super Destronaut DX-2 (PS4),2021,PS4
Super Hiking League DX,2021,PS4
Super Meat Boy Forever,2021,PS4
Super Monkey Ball Banana Mania (PS4),2021,PS4
Super Robot Wars 30,2021,PS4
Super Skelemania (Asia),2021,PS4
Super Soccer Blast: America VS Europe,2021,PS4
Super Star Blast,2021,PS4
Super Star Blast (EU),2021,PS4
Super Zangyura,2021,PS4
SUPERHERO-X (EU),2021,PS4
Surviving the Aftermath,2021,PS4
Sushi Break,2021,PS4
Sushi Break (EU),2021,PS4
Swamp Defense 2,2021,PS4
Swamp Defense 2 (EU),2021,PS4
Sword of the Necromancer (EU) (PS4),2021,PS4
Sword of the Necromancer (JP) (PS4),2021,PS4
Sword of the Necromancer (PS4),2021,PS4
Synergia,2021,PS4
Synergia (HK/TW),2021,PS4
Synth Riders,2021,PS4
Dadish,2021,PS4
Dadish (EU),2021,PS4
Dadish 2,2021,PS4
Dadish 2 (EU),2021,PS4
Dandy Ace,2021,PS4
Danger Scavenger,2021,PS4
Dariusburst: Another Chronicle EX+,2021,PS4
Dariusburst: Another Chronicle EX+ (Asia),2021,PS4
Dariusburst: Another Chronicle EX+ (EU),2021,PS4
Dariusburst: Another Chronicle EX+ (JP),2021,PS4
Dark Alliance (EU) (PS4),2021,PS4
Dark Alliance (PS4),2021,PS4
Dark Nights with Poe and Munro,2021,PS4
Dark Thrones,2021,PS4
Dark Thrones (EU),2021,PS4
Darker Skies (EU) (PS4),2021,PS4
Darkwood (JP),2021,PS4
Dating Life: Miley X Emily (EU) (PS4),2021,PS4
Dating Life: Miley X Emily (JP) (PS4),2021,PS4
Dating Life: Miley X Emily (PS4),2021,PS4
Dead Dust,2021,PS4
Deadly Days,2021,PS4
Death Crown,2021,PS4
Death Crown (EU),2021,PS4
Death Park,2021,PS4
Death Park (EU),2021,PS4
Death Park 2,2021,PS4
Death Tales (EU) (PS4),2021,PS4
Death Tales (PS4),2021,PS4
DEEEER Simulator: Your Average Everyday Deer Game,2021,PS4
Delicious! Pretty Girls Mahjong Solitaire (EU) (PS4),2021,PS4
Delicious! Pretty Girls Mahjong Solitaire (HK/TW) (PS4),2021,PS4
Delicious! Pretty Girls Mahjong Solitaire (JP) (PS4),2021,PS4
Delicious! Pretty Girls Mahjong Solitaire (PS4),2021,PS4
DeMagnete VR,2021,PS4
Demolish & Build,2021,PS4
Demolish & Build (EU),2021,PS4
Demon Gaze Extra (JP),2021,PS4
Demon Hunter: Revelation,2021,PS4
Demon Hunter: Riddles of Light (PS4),2021,PS4
Demon Slayer -Kimetsu no Yaiba- The Hinokami Chronicles (PS4),2021,PS4
Demon Turf (PS4),2021,PS4
Despotism 3k,2021,PS4
Devil Slayer Raksasi,2021,PS4
Diablo II: Resurrected (PS4),2021,PS4
Die With Glory,2021,PS4
Die With Glory (EU),2021,PS4
Die Young,2021,PS4
Disciples: Liberation (PS4),2021,PS4
Disco Elysium: The Final Cut (PS4),2021,PS4
Disjunction,2021,PS4
DISTRAINT 2 (JP),2021,PS4
Doctor Who: The Edge of Reality,2021,PS4
Doctor Who: The Lonely Assassins,2021,PS4
Dodgeball Academia,2021,PS4
Dodgeball Academia (EU),2021,PS4
Dojoran (Asia) (PS4),2021,PS4
Dojoran (EU) (PS4),2021,PS4
Dojoran (PS4),2021,PS4
Doki Doki Literature Club Plus! (Asia) (PS4),2021,PS4
Doki Doki Literature Club Plus! (EU) (PS4),2021,PS4
Doki Doki Literature Club Plus! (JP) (PS4),2021,PS4
Doki Doki Literature Club Plus! (PS4),2021,PS4
Don't Touch this Button! (Asia) (PS4),2021,PS4
Don't Touch this Button! (EU) (PS4),2021,PS4
Don't Touch this Button! (PS4),2021,PS4
Donut Break 2,2021,PS4
Donut Break 2 (EU),2021,PS4
Donut Break 2 Head to Head,2021,PS4
Donut Break 2 Head to Head (EU),2021,PS4
Donuts'n'Justice (EU) (PS4),2021,PS4
Donuts'n'Justice (HK/TW) (PS4),2021,PS4
Donuts'n'Justice (PS4),2021,PS4
Doodle Devil: 3volution,2021,PS4
DOOM 3: VR Edition,2021,PS4
Dragon Audit,2021,PS4
Dragon Break Classic,2021,PS4
Dragon Break Classic (EU),2021,PS4
Dragon Break Classic Head to Head,2021,PS4
Dragon Break Classic Head to Head (EU),2021,PS4
Dream House Days DX,2021,PS4
Dreaming Sarah (EU) (PS4),2021,PS4
Dreaming Sarah (HK/TW) (PS4),2021,PS4
Dreaming Sarah (PS4),2021,PS4
DreamWorks Spirit Lucky's Big Adventure,2021,PS4
Drizzlepath: Deja Vu (PS4),2021,PS4
Dull Grey,2021,PS4
Dull Grey (EU),2021,PS4
Dungeon and Gravestone,2021,PS4
Dungeon Encounters,2021,PS4
Dungeon Escape (Asia) (PS4),2021,PS4
Dungeon Escape (EU) (PS4),2021,PS4
Dungeon Escape (JP) (PS4),2021,PS4
Dungeon Escape (PS4),2021,PS4
Dungeons & Bombs (EU) (PS4),2021,PS4
Dungeons & Bombs (PS4),2021,PS4
Dustwind - The Last Resort (EU) (PS4),2021,PS4
Dustwind - The Last Resort (PS4),2021,PS4
Dwarrows,2021,PS4
Dwarrows (EU),2021,PS4
F.I.S.T.: Forged in Shadow Torch (EU) (PS4),2021,PS4
F.I.S.T.: Forged In Shadow Torch (PS4),2021,PS4
F1 2021 (PS4),2021,PS4
Fairune Collection,2021,PS4
Fallen Knight,2021,PS4
Fallen Knight (EU),2021,PS4
Fallen Legion Revenants,2021,PS4
Family Mysteries 3: Criminal Mindset (PS4),2021,PS4
Fantasy Friends - Under the Sea,2021,PS4
Fantasy Friends - Under the Sea (EU),2021,PS4
Far Cry 6 (PS4),2021,PS4
Faraday Protocol,2021,PS4
Faraday Protocol (EU),2021,PS4
Farm For Your Life (EU) (PS4),2021,PS4
Farm For Your Life (PS4),2021,PS4
Farm Frenzy: Refreshed,2021,PS4
Farm Frenzy: Refreshed (EU),2021,PS4
Farming Simulator 22 (PS4),2021,PS4
Fast & Furious: Spy Racers Rise of SH1FT3R,2021,PS4
PROJECT ZERO: MAIDEN OF BLACK WATER,2021,PS4
Fell Seal: Arbiter's Mark (JP),2021,PS4
Fernz Gate,2021,PS4
FIFA 22 (PS4),2021,PS4
First Class Trouble,2021,PS4
Fishing: North Atlantic Enhanced Edition,2021,PS4
Flatland Vol. 2,2021,PS4
Flatland Vol. 2 (EU),2021,PS4
Flatland: Prologue,2021,PS4
Flavouride,2021,PS4
Flowers by POWGI (Asia) (PS4),2021,PS4
Flowers by POWGI (PS4),2021,PS4
Flynn: Son of Crimson,2021,PS4
Flynn: Son of Crimson (EU),2021,PS4
Football - Breakthrough Gaming Arcade,2021,PS4
Football - Breakthrough Gaming Arcade (EU),2021,PS4
FORECLOSED (EU) (PS4),2021,PS4
FORECLOSED (PS4),2021,PS4
Fort Triumph,2021,PS4
Four Kings: Video Poker,2021,PS4
Four Kings: Video Poker (EU),2021,PS4
Fracked,2021,PS4
Freddy Fazbear's Pizzeria Simulator,2021,PS4
Freddy Fazbear's Pizzeria Simulator (EU),2021,PS4
Freddy Spaghetti (HK/TW) (PS4),2021,PS4
Freddy Spaghetti 2 (Asia) (PS4),2021,PS4
Freddy Spaghetti 2 (EU) (PS4),2021,PS4
Freddy Spaghetti 2 (JP) (PS4),2021,PS4
Freddy Spaghetti 2 (PS4),2021,PS4
From Earth To Heaven,2021,PS4
From Earth To Heaven (EU),2021,PS4
From Shadows,2021,PS4
From Shadows (EU),2021,PS4
Fuga: Melodies of Steel (PS4),2021,PS4
Full Kiss S,2021,PS4
Funny Truck,2021,PS4
Funny Truck (Asia),2021,PS4
Funny Truck (EU),2021,PS4
Fury of Dracula: Digital Edition,2021,PS4
Fuuraiki 4,2021,PS4
Gadgeteer,2021,PS4
Galaxy Shooter,2021,PS4
Galaxy Shooter (EU),2021,PS4
Galaxy Squad,2021,PS4
Galaxy Squad (EU),2021,PS4
Games of Glory,2021,PS4
Gaps by POWGI (EU) (PS4),2021,PS4
Gaps by POWGI (HK/TW) (PS4),2021,PS4
Gaps by POWGI (PS4),2021,PS4
G-Darius HD,2021,PS4
G-Darius HD (Asia),2021,PS4
G-Darius HD (EU),2021,PS4
G-Darius HD (JP),2021,PS4
Gearshifters,2021,PS4
Gefragt Gejagt - Das Spiel,2021,PS4
Gelly Break Deluxe,2021,PS4
GENSOU SkyDrift,2021,PS4
Georifters,2021,PS4
Get Packed: Fully Loaded,2021,PS4
Get to the Top - Breakthrough Gaming Arcade,2021,PS4
Get to the Top - Breakthrough Gaming Arcade (EU),2021,PS4
Ghost Sweeper,2021,PS4
Ghost Sync (PS4),2021,PS4
Ghostrunner (JP) (PS4),2021,PS4
Ghosts 'n Goblins Resurrection,2021,PS4
Ghosts 'n Goblins Resurrection (EU),2021,PS4
Ghosts 'n Goblins Resurrection (JP),2021,PS4
Glaive: Brick Breaker,2021,PS4
Gleylancer (EU) (PS4),2021,PS4
Gleylancer (PS4),2021,PS4
Glittering Sword,2021,PS4
Glittering Sword (EU),2021,PS4
GLO (Asia) (PS4),2021,PS4
GLO (EU) (PS4),2021,PS4
GLO (PS4),2021,PS4
Godfall (PS4),2021,PS4
Gods of Almagest,2021,PS4
Gods Will Fall,2021,PS4
Godstrike,2021,PS4
Gold Rush: The Game,2021,PS4
Gold Rush: The Game (EU),2021,PS4
Golden Force,2021,PS4
Golf Club Wasteland,2021,PS4
Gotoubun no Hanayome ??~Natsu no Omoide mo Gotoubun~,2021,PS4
Grand Theft Auto III ??The Definitive Edition (PS4),2021,PS4
Grand Theft Auto: San Andreas ??The Definitive Edition (PS4),2021,PS4
Grand Theft Auto: Vice City ??The Definitive Edition (PS4),2021,PS4
GraviFire (EU) (PS4),2021,PS4
GraviFire (PS4),2021,PS4
Gravity Heroes,2021,PS4
Gravity Heroes (EU),2021,PS4
Green Hell,2021,PS4
Green Hell (EU),2021,PS4
Griftlands,2021,PS4
Ground Zero: Texas - Nuclear Edition,2021,PS4
Ground Zero: Texas - Nuclear Edition (EU),2021,PS4
Grow: Song of The Evertree,2021,PS4
Guardian Force,2021,PS4
Guardian Force (Asia),2021,PS4
Guardian Force (EU),2021,PS4
Guardian Force (JP),2021,PS4
Guards,2021,PS4
Guilty Gear -Strive- (PS4),2021,PS4
Gunducky Industries++,2021,PS4
Gunducky Industries++ (EU),2021,PS4
Gunkid 99 (PS4),2021,PS4
Guts 'N Goals (PS4),2021,PS4
Gutwhale (EU) (PS4),2021,PS4
Gutwhale (HK/TW) (PS4),2021,PS4
Gutwhale (PS4),2021,PS4
Gynoug (EU) (PS4),2021,PS4
Gynoug (PS4),2021,PS4
Habroxia 2,2021,PS4
Habroxia 2 (HK/TW),2021,PS4
Habroxia 2 (JP),2021,PS4
Hades (EU) (PS4),2021,PS4
Hades (PS4),2021,PS4
Halloween Candy Break 2,2021,PS4
Halloween Candy Break 2 (EU),2021,PS4
Halloween Candy Break 2 Head to Head,2021,PS4
Halloween Candy Break 2 Head to Head (EU),2021,PS4
Hamidashi Creative,2021,PS4
Hampuzz,2021,PS4
Hampuzz (JP),2021,PS4
Harvest Moon: One World,2021,PS4
Haven (PS4),2021,PS4
Heal: Console Edition (EU) (PS4),2021,PS4
Heal: Console Edition (HK/TW) (PS4),2021,PS4
Heal: Console Edition (JP) (PS4),2021,PS4
Heal: Console Edition (PS4),2021,PS4
Heavy Burger,2021,PS4
Heavy Metal Machines,2021,PS4
Helheim Hassle,2021,PS4
Hellbreachers (EU) (PS4),2021,PS4
Hellbreachers (HK/TW) (PS4),2021,PS4
Hellbreachers (PS4),2021,PS4
Henchman Story (EU) (PS4),2021,PS4
Henchman Story (PS4),2021,PS4
Hentai vs. Evil (EU) (PS4),2021,PS4
Hentai vs. Evil (HK/TW) (PS4),2021,PS4
Hentai vs. Evil (PS4),2021,PS4
Heroes Trials (JP),2021,PS4
Highschool Romance (EU) (PS4),2021,PS4
Highschool Romance (PS4),2021,PS4
Hindsight 20/20: Wrath of the Raakshasa (PS4),2021,PS4
Hitchhiker - A Mystery Game,2021,PS4
HITMAN 3 (PS4),2021,PS4
Hoa (PS4),2021,PS4
Home Run High,2021,PS4
Hood: Outlaws & Legends (PS4),2021,PS4
Horned Knight,2021,PS4
Horned Knight (EU),2021,PS4
Horned Knight (HK/TW),2021,PS4
Horned Knight (JP),2021,PS4
Horror Adventure VR,2021,PS4
Horror Adventure VR (EU),2021,PS4
Horror Break,2021,PS4
Horror Break (EU),2021,PS4
Horror Break Head to Head,2021,PS4
Horror Break Head to Head (EU),2021,PS4
HORROR TALES: The Wine (EU) (PS4),2021,PS4
HORROR TALES: The Wine (PS4),2021,PS4
Horse Club Adventures,2021,PS4
HOT WHEELS UNLEASHED (PS4),2021,PS4
How to Take Off Your Mask Remastered,2021,PS4
How to Take Off Your Mask Remastered (Asia),2021,PS4
How to Take Off Your Mask Remastered (EU),2021,PS4
How to Take Off Your Mask Remastered (JP),2021,PS4
Huntdown (Asia),2021,PS4
Hunter's Arena: Legends (PS4),2021,PS4
JankBrain,2021,PS4
Jay and Silent Bob: Mall Brawl,2021,PS4
JCB Pioneer: Mars,2021,PS4
JETT: The Far Shore (PS4),2021,PS4
Jigsaw Finale,2021,PS4
Jigsaw Finale (EU),2021,PS4
Jinki Resurrection,2021,PS4
Journey of the Broken Circle,2021,PS4
Journey of the Broken Circle (JP),2021,PS4
Jurassic World Evolution 2 (PS4),2021,PS4
Just Dance 2022 (PS4),2021,PS4
Just Die Already,2021,PS4
Kairobotica,2021,PS4
Kakenuke*Seishun Sparking!,2021,PS4
Kami-sama no You Na Kimi e,2021,PS4
Karma. Incarnation 1,2021,PS4
Katana Kata,2021,PS4
Katana Kata (EU),2021,PS4
Kawaii Deathu Desu (Asia),2021,PS4
Kawaii Deathu Desu (JP),2021,PS4
Kaze and the Wild Masks,2021,PS4
Keiken Zero na Classmate,2021,PS4
Kena: Bridge of Spirits (PS4),2021,PS4
KeyWe (EU) (PS4),2021,PS4
KeyWe (PS4),2021,PS4
Kiai Resonance,2021,PS4
"Kick it, Bunny!",2021,PS4
"Kick it, Bunny! (EU)",2021,PS4
Kill It With Fire,2021,PS4
Kill It With Fire (EU),2021,PS4
King of Seas,2021,PS4
Kingdom Come: Deliverance Royal Edition (JP),2021,PS4
Kingdom of Arcadia (EU) (PS4),2021,PS4
Kingdom of Arcadia (HK/TW) (PS4),2021,PS4
Kingdom of Arcadia (JP) (PS4),2021,PS4
Kingdom of Arcadia (PS4),2021,PS4
King's Bounty II,2021,PS4
Kin'iro Loveriche -GOLDEN TIME-,2021,PS4
Kitaria Fables (EU) (PS4),2021,PS4
Kitaria Fables (PS4),2021,PS4
Klang 2 (EU) (PS4),2021,PS4
Klang 2 (JP) (PS4),2021,PS4
Klang 2 (PS4),2021,PS4
Knight Squad 2,2021,PS4
Knights Retreat,2021,PS4
Knockout City (PS4),2021,PS4
"Kochira, Haha Naru Hoshi Yori",2021,PS4
Koh-Lanta,2021,PS4
Kotoba no Puzzle: Mojipittan Encore,2021,PS4
KURSK,2021,PS4
KURSK (EU),2021,PS4
KUUKIYOMI 3: Consider It More and More!! - Father to Son,2021,PS4
Ladders by POWGI (EU) (PS4),2021,PS4
Ladders by POWGI (HK/TW) (PS4),2021,PS4
Ladders by POWGI (PS4),2021,PS4
Lady in a Leotard With a Gun,2021,PS4
Lady in a Leotard With a Gun (EU),2021,PS4
Laid-Back Camp - Virtual - Fumoto Campsite,2021,PS4
Laid-Back Camp - Virtual - Lake Motosu,2021,PS4
Lamentum,2021,PS4
Last Stop (PS4),2021,PS4
Layers of Fear VR,2021,PS4
Legend of Mana,2021,PS4
Legend of Mana (Asia),2021,PS4
Legend of Mana (EU),2021,PS4
Legend of Mana (JP),2021,PS4
Legendary Edition: Mass Effect,2021,PS4
Legendary Edition: Mass Effect 2,2021,PS4
Legendary Edition: Mass Effect 3,2021,PS4
Legends of Talia: Arcadia (EU) (PS4),2021,PS4
Legends of Talia: Arcadia (JP) (PS4),2021,PS4
Legends of Talia: Arcadia (PS4),2021,PS4
Leisure Suit Larry - Wet Dreams Dry Twice,2021,PS4
Lemnis Gate (EU) (PS4),2021,PS4
Lemnis Gate (PS4),2021,PS4
Let's Cook Together,2021,PS4
Let's Sing 2022 (HK/TW) (PS4),2021,PS4
Let's Sing 2022 (PS4),2021,PS4
Liberated (JP),2021,PS4
Life is Strange: True Colors (PS4),2021,PS4
Life of Fly,2021,PS4
Life of Fly (EU),2021,PS4
Life of Fly 2,2021,PS4
Life of Fly 2 (EU),2021,PS4
Light Fairytale Episode 2,2021,PS4
Light Tracer: Chronicle of the Two Worlds,2021,PS4
Linn: Path of Orchards,2021,PS4
Little Nightmares II (PS4),2021,PS4
Little Witch Academia: VR Broom Racing,2021,PS4
Little Witch Academia: VR Broom Racing (EU),2021,PS4
Lizard Lady vs the Cats,2021,PS4
Lizard Lady vs the Cats (EU),2021,PS4
Loopindex (EU) (PS4),2021,PS4
Loopindex (PS4),2021,PS4
Loot Hero DX,2021,PS4
Loot Hero DX (EU),2021,PS4
Lord of the Click II,2021,PS4
Lord of the Click II (EU),2021,PS4
Lost Grimoires 3: The Forgotten Well (PS4),2021,PS4
Lost in Random (EU) (PS4),2021,PS4
Lost in Random (PS4),2021,PS4
Lost Judgment (PS4),2021,PS4
LOST SPHEAR (Asia),2021,PS4
Lost Words: Beyond the Page,2021,PS4
Love Live! School Idol Festival ~after school ACTIVITY~ Wai-Wai!Home Meeting!!,2021,PS4
LoveChoice (EU) (PS4),2021,PS4
LoveChoice (JP) (PS4),2021,PS4
LoveChoice (PS4),2021,PS4
Lucid Cycle (Asia) (PS4),2021,PS4
Lucid Cycle (EU) (PS4),2021,PS4
Lucid Cycle (JP) (PS4),2021,PS4
Lucid Cycle (PS4),2021,PS4
Luckslinger,2021,PS4
Luckslinger (EU),2021,PS4
Luckslinger (HK/TW),2021,PS4
Luckslinger (JP),2021,PS4
Lydia,2021,PS4
Zippy the Circle (Level 1 and Level 2),2021,PS4
Zippy the Circle (Level 1 and Level 2) (EU),2021,PS4
"Zippy the Circle (Level 11, Level 12, and Level 13)",2021,PS4
"Zippy the Circle (Level 11, Level 12, and Level 13) (EU)",2021,PS4
Zippy the Circle (Level 3 and Level 4),2021,PS4
Zippy the Circle (Level 3 and Level 4) (EU),2021,PS4
"Zippy the Circle (Level 5, Level 6, and Level 7)",2021,PS4
"Zippy the Circle (Level 5, Level 6, and Level 7) (EU)",2021,PS4
"Zippy the Circle (Level 8, Level 9, and Level 10)",2021,PS4
"Zippy the Circle (Level 8, Level 9, and Level 10) (EU)",2021,PS4
ZJ the Ball (Level 1),2021,PS4
ZJ the Ball (Level 1) (EU),2021,PS4
ZJ the Ball (Level 2),2021,PS4
ZJ the Ball (Level 2) (EU),2021,PS4
ZJ the Ball (Level 3),2021,PS4
ZJ the Ball (Level 3) (EU),2021,PS4
ZJ the Ball (Level 4),2021,PS4
ZJ the Ball (Level 4) (EU),2021,PS4
ZJ the Ball (Level 5),2021,PS4
ZJ the Ball (Level 5) (EU),2021,PS4
Zombiotik,2021,PS4
Zombo Buster Rising,2021,PS4
Zombo Buster Rising (EU),2021,PS4
Xuan Yuan Sword VII,2021,PS4
Xuan Yuan Sword VII (EU),2021,PS4
C14 Dating (EU) (PS4),2021,PS4
C14 Dating (HK/TW) (PS4),2021,PS4
C14 Dating (PS4),2021,PS4
Call of Duty: Vanguard (PS4),2021,PS4
Call Of The Sea (EU) (PS4),2021,PS4
Call Of The Sea (PS4),2021,PS4
CAN ANDROIDS PRAY: BLUE,2021,PS4
Can't Drive This (EU) (PS4),2021,PS4
Can't Drive This (PS4),2021,PS4
Capcom Arcade Stadium,2021,PS4
Car Demolition Clicker,2021,PS4
Car Demolition Clicker (EU),2021,PS4
Car Mechanic Simulator 2021,2021,PS4
Car Mechanic Simulator 2021 (EU),2021,PS4
Cards of the Dead (EU) (PS4),2021,PS4
Cards of the Dead (PS4),2021,PS4
Carnivores: Dinosaur Hunt,2021,PS4
Carrion,2021,PS4
CASE: Animatronics (HK/TW),2021,PS4
CASE: Animatronics (JP),2021,PS4
Castle of no Escape,2021,PS4
Castle of no Escape 2,2021,PS4
Castle of no Escape 2 (Asia),2021,PS4
Castle of no Escape 2 (EU),2021,PS4
Castle of no Escape 2 (JP),2021,PS4
Castle Of Pixel Skulls (EU) (PS4),2021,PS4
Castle Of Pixel Skulls (PS4),2021,PS4
Castlevania Advance Collection,2021,PS4
Catch the Bowling Balls - Breakthrough Gaming Arcade,2021,PS4
Catch the Bowling Balls - Breakthrough Gaming Arcade (EU),2021,PS4
Catlateral Damage: Remeowstered (EU) (PS4),2021,PS4
Catlateral Damage: Remeowstered (PS4),2021,PS4
Cats Of War (EU) (PS4),2021,PS4
Cats Of War (PS4),2021,PS4
Catty & Batty: The Spirit Guide (EU) (PS4),2021,PS4
Catty & Batty: The Spirit Guide (PS4),2021,PS4
Cave Bad (Asia) (PS4),2021,PS4
Cave Bad (EU) (PS4),2021,PS4
Cave Bad (PS4),2021,PS4
Caves and Castles: Underworld,2021,PS4
Caves and Castles: Underworld (EU),2021,PS4
Centipede: Recharged (EU) (PS4),2021,PS4
Centipede: Recharged (PS4),2021,PS4
Chernobylite (EU) (PS4),2021,PS4
Chernobylite (PS4),2021,PS4
Chess Knights: Shinobi,2021,PS4
Chess Knights: Viking Lands,2021,PS4
Chicory: A Colorful Tale (PS4),2021,PS4
Chivalry 2 (EU) (PS4),2021,PS4
Chivalry 2 (PS4),2021,PS4
Christmas Break 2,2021,PS4
Christmas Break 2 (EU),2021,PS4
Christmas Break 2 Head to Head,2021,PS4
Christmas Break 2 Head to Head (EU),2021,PS4
Chroma Quaternion (PS4),2021,PS4
Ciel nosurge ~Ushinawareta Hoshi e Sasagu Uta~ DX,2021,PS4
Citizens Unite!: Earth x Space,2021,PS4
Clid the Snail,2021,PS4
Clone Drone in the Danger Zone,2021,PS4
Cold Silence,2021,PS4
Collapsed,2021,PS4
Collapsed (EU),2021,PS4
Colossus Down,2021,PS4
Come On Kitty,2021,PS4
Conglomerate 451: Overloaded,2021,PS4
Conglomerate 451: Overloaded (EU),2021,PS4
ConnecTank,2021,PS4
Cooking Mama: Cookstar,2021,PS4
Cooking Mama: Cookstar (EU),2021,PS4
Cooking Simulator,2021,PS4
Corpse Party,2021,PS4
Corpse Party (JP),2021,PS4
Cosmic Top Secret,2021,PS4
Cotton 100%,2021,PS4
Cotton 2,2021,PS4
Cotton 2 (Asia),2021,PS4
Cotton 2 (EU),2021,PS4
Cotton 2 (JP),2021,PS4
Cotton Boomerang,2021,PS4
Cotton Boomerang (Asia),2021,PS4
Cotton Boomerang (EU),2021,PS4
Cotton Boomerang (JP),2021,PS4
Cotton Guardian Force Saturn Tribute (Physical),2021,PS4
Cotton Reboot!,2021,PS4
Cozy Grove,2021,PS4
Crash Drive 3 (EU) (PS4),2021,PS4
Crash Drive 3 (PS4),2021,PS4
Crazy Athletics,2021,PS4
Crazy Athletics,2021,PS4
Crazy Gravity (Asia) (PS4),2021,PS4
Crazy Gravity (EU) (PS4),2021,PS4
Crazy Gravity (PS4),2021,PS4
Creature in the Well (Asia),2021,PS4
Creature in the Well (JP),2021,PS4
Cricket 22 (PS4),2021,PS4
Crimson Spires (EU) (PS4),2021,PS4
Crimson Spires (HK/TW) (PS4),2021,PS4
Crimson Spires (PS4),2021,PS4
Cris Tales (PS4),2021,PS4
Crisis Wing (Asia) (PS4),2021,PS4
Crisis Wing (EU) (PS4),2021,PS4
Crisis Wing (JP) (PS4),2021,PS4
Crisis Wing (PS4),2021,PS4
Cross the Moon (EU) (PS4),2021,PS4
Cross the Moon (HK/TW) (PS4),2021,PS4
Cross the Moon (PS4),2021,PS4
Crossbow Crusade,2021,PS4
Crossbow Crusade (EU),2021,PS4
CrossKrush (HK/TW) (PS4),2021,PS4
Crown Trick,2021,PS4
Crysis 2 Remastered,2021,PS4
Crysis 2 Remastered (EU),2021,PS4
Crysis 3 Remastered,2021,PS4
Crysis 3 Remastered (EU),2021,PS4
Cuccchi,2021,PS4
Cuccchi (EU),2021,PS4
Curious Cases,2021,PS4
Curse of the Dead Gods,2021,PS4
Curved Space (PS4),2021,PS4
Cyanide & Happiness - Freakpocalypse (Episode 1),2021,PS4
Cyanide & Happiness - Freakpocalypse (Episode 1) (EU),2021,PS4
Cyber Shadow (EU) (PS4),2021,PS4
Cyber Shadow (PS4),2021,PS4
Cybxus Heart,2021,PS4
Cybxus Heart (Asia),2021,PS4
Cybxus Heart (EU),2021,PS4
Cybxus Heart (JP),2021,PS4
Cybxus Heart (KR),2021,PS4
Valentine Candy Break,2021,PS4
Valentine Candy Break (EU),2021,PS4
Valentine Candy Break Head to Head,2021,PS4
Valentine Candy Break Head to Head (EU),2021,PS4
Venus: Improbable Dream (Asia) (PS4),2021,PS4
Venus: Improbable Dream (EU) (PS4),2021,PS4
Venus: Improbable Dream (PS4),2021,PS4
Vera Blanc: Ghost In The Castle,2021,PS4
Vera Blanc: Ghost In The Castle (EU),2021,PS4
Vera Blanc: Ghost In The Castle (HK/TW),2021,PS4
Violett,2021,PS4
Violett (EU),2021,PS4
Violetti Goottii,2021,PS4
Violetti Goottii (EU),2021,PS4
Virtua Fighter 5: Ultimate Showdown,2021,PS4
Virtua Fighter 5: Ultimate Showdown (JP),2021,PS4
Virtual Surfing,2021,PS4
VirtuaVerse,2021,PS4
Virtuous Western (Asia) (PS4),2021,PS4
Virtuous Western (EU) (PS4),2021,PS4
Virtuous Western (PS4),2021,PS4
Voice of Cards: The Isle Dragon Roars,2021,PS4
Void Gore,2021,PS4
Void Gore (EU),2021,PS4
Void Gore (Asia),2021,PS4
Void Gore (JP),2021,PS4
Void Source,2021,PS4
void tRrLM(); //Void Terrarium (Asia) (PS4),2021,PS4
Back 4 Blood (PS4),2021,PS4
Backbone,2021,PS4
Bai Qu: Hundreds of Melodies (EU) (PS4),2021,PS4
Bai Qu: Hundreds of Melodies (PS4),2021,PS4
Balan Wonderworld (PS4),2021,PS4
Balancelot,2021,PS4
Balancelot (EU),2021,PS4
Baldo: The Guardian Owls,2021,PS4
Baldur's Gate: Dark Alliance,2021,PS4
Baobabs Mausoleum Grindhouse Edition - Country of Woods and Creepy Tales,2021,PS4
Baobabs Mausoleum Grindhouse Edition - Country of Woods and Creepy Tales (EU),2021,PS4
Barry the Bunny (EU) (PS4),2021,PS4
Barry the Bunny (PS4),2021,PS4
Baseball - Breakthrough Gaming Arcade,2021,PS4
Baseball (Challenge Mode Edition) - Breakthrough Gaming Arcade,2021,PS4
Baseball (Challenge Mode Edition) - Breakthrough Gaming Arcade (EU),2021,PS4
Baseball Bout: Otterrific Arcade,2021,PS4
Baseball Bout: Otterrific Arcade (EU),2021,PS4
Bassmaster Fishing 2022 (PS4),2021,PS4
Batbarian: Testament of the Primordials,2021,PS4
BATS: Bloodsucker Anti-Terror Squad,2021,PS4
Battle Axe,2021,PS4
Battlefield 2042 (PS4),2021,PS4
Batu Ta Batu (HK/TW),2021,PS4
Batu Ta Batu (JP),2021,PS4
Beach Buggy Racing 2: Island Adventure,2021,PS4
Beach Buggy Racing 2: Island Adventure (EU),2021,PS4
Beautiful Desolation,2021,PS4
Beautiful Desolation (EU),2021,PS4
BeeFense BeeMastered,2021,PS4
BFF or Die (HK/TW),2021,PS4
BFF or Die (JP),2021,PS4
Big Dipper (HK/TW),2021,PS4
Big Rumble Boxing: Creed Champions,2021,PS4
Binarystar Infinity,2021,PS4
Biomutant,2021,PS4
Bishoujo Battle Cyber Panic! (EU) (PS4),2021,PS4
Bishoujo Battle Cyber Panic! (HK/TW) (PS4),2021,PS4
Bishoujo Battle Cyber Panic! (JP) (PS4),2021,PS4
Bishoujo Battle Cyber Panic! (PS4),2021,PS4
Bishoujo Battle Mahjong Solitaire (EU) (PS4),2021,PS4
Bishoujo Battle Mahjong Solitaire (HK/TW) (PS4),2021,PS4
Bishoujo Battle Mahjong Solitaire (JP) (PS4),2021,PS4
Bishoujo Battle Mahjong Solitaire (PS4),2021,PS4
Bite The Bullet,2021,PS4
Bite The Bullet (EU),2021,PS4
Black Book,2021,PS4
Black Book (EU),2021,PS4
Black Legend,2021,PS4
Black Legend (EU),2021,PS4
Black Widow: Recharged (PS4),2021,PS4
Blacksmith of the Sand Kingdom,2021,PS4
Bladed Fury,2021,PS4
Bladed Fury (EU),2021,PS4
Bladed Fury (JP),2021,PS4
Blair Witch VR,2021,PS4
Blair Witch VR (EU),2021,PS4
Blasphemous Deluxe Edition,2021,PS4
Blaster Master Zero 3,2021,PS4
Blastful,2021,PS4
Blastful (EU),2021,PS4
Blaze and the Monster Machines: Axle City Racers,2021,PS4
Blaze and the Monster Machines: Axle City Racers (EU),2021,PS4
Blazing Beaks,2021,PS4
Blightbound,2021,PS4
Blind Postman,2021,PS4
Blitz Breaker (EU) (PS4),2021,PS4
Blitz Breaker (HK/TW) (PS4),2021,PS4
Blitz Breaker (PS4),2021,PS4
Blizzard Arcade Collection,2021,PS4
BloodRayne 2: ReVamped,2021,PS4
BloodRayne Betrayal: Fresh Bites (PS4),2021,PS4
BloodRayne: ReVamped,2021,PS4
Bloodshore (EU),2021,PS4
Blue Fire,2021,PS4
Blue Fire (EU),2021,PS4
Blue Reflection: Second Light,2021,PS4
Bone Marrow (EU) (PS4),2021,PS4
Bone Marrow (PS4),2021,PS4
Bonfire Peaks (EU) (PS4),2021,PS4
Bonfire Peaks (PS4),2021,PS4
Bonkies,2021,PS4
Boom Blaster,2021,PS4
Boom Blaster (EU),2021,PS4
BORIS THE ROCKET,2021,PS4
BORIS THE ROCKET (EU),2021,PS4
Bouncy Bullets 2 (EU) (PS4),2021,PS4
Bouncy Bullets 2 (PS4),2021,PS4
Bowling (Story One) (Jane Version) - Project: Summer Ice,2021,PS4
Bowling (Story One) (Jane Version) - Project: Summer Ice (EU),2021,PS4
Bowling (Story One) (Pammy Version) - Project: Summer Ice,2021,PS4
Bowling (Story One) (Pammy Version) - Project: Summer Ice (EU),2021,PS4
Bowling (Story Three) (Jane Version) - Project: Summer Ice,2021,PS4
Bowling (Story Three) (Jane Version) - Project: Summer Ice (EU),2021,PS4
Bowling (Story Three) (Pammy Version) - Project: Summer Ice,2021,PS4
Bowling (Story Three) (Pammy Version) - Project: Summer Ice (EU),2021,PS4
Bowling (Story Two) (Jane Version) - Project: Summer Ice,2021,PS4
Bowling (Story Two) (Jane Version) - Project: Summer Ice (EU),2021,PS4
Bowling (Story Two) (Pammy Version) - Project: Summer Ice,2021,PS4
Bowling (Story Two) (Pammy Version) - Project: Summer Ice (EU),2021,PS4
Boxed In,2021,PS4
BPM: Bullets Per Minute,2021,PS4
Brain Beats,2021,PS4
BraveMatch,2021,PS4
BraveMatch (EU),2021,PS4
Breathedge,2021,PS4
Breathedge (EU),2021,PS4
Bridge Constructor: The Walking Dead (JP) (PS4),2021,PS4
Brigandine: The Legend of Runersia (EU) (Physical),2021,PS4
Brotherhood United (JP),2021,PS4
Bubble Shooter FX,2021,PS4
Bubble Shooter FX (EU),2021,PS4
Buildings Have Feelings Too!,2021,PS4
Bullet Beat,2021,PS4
Bullet Beat (Asia),2021,PS4
Bullet Beat (EU),2021,PS4
Bullet Beat (JP),2021,PS4
Bullet Roulette,2021,PS4
Bullseye,2021,PS4
Bullseye (EU),2021,PS4
Bunny Factory,2021,PS4
Bunny Parking,2021,PS4
Bus Simulator 21,2021,PS4
Buster's Quest: Trials Of Hamsterdam (JP) (PS4),2021,PS4
Narita Boy,2021,PS4
NASCAR 21: Ignition,2021,PS4
Natsuki Chronicles,2021,PS4
Natsuki Chronicles (JP),2021,PS4
NBA 2K22 (PS4),2021,PS4
Necromunda: Hired Gun (PS4),2021,PS4
Neko Atsume VR,2021,PS4
NEO: The World Ends with You,2021,PS4
NeonHAT,2021,PS4
NEOVERSE,2021,PS4
Neptunia Virtual Stars,2021,PS4
Neptunia Virtual Stars (EU),2021,PS4
Neptunia x SENRAN KAGURA: Ninja Wars,2021,PS4
Neptunia x SENRAN KAGURA: Ninja Wars (JP),2021,PS4
NERF Legends (PS4),2021,PS4
New Star Manager (JP),2021,PS4
Newtonian Inversion,2021,PS4
Newtonian Inversion (EU),2021,PS4
Nexomon (PS4),2021,PS4
Nexoria: Dungeon Rogue Heroes (EU) (PS4),2021,PS4
Nexoria: Dungeon Rogue Heroes (PS4),2021,PS4
NHL 22 (PS4),2021,PS4
Niche - a genetics survival game,2021,PS4
Nickelodeon All-Star Brawl (PS4),2021,PS4
NieR Replicant ver.1.22474487139...,2021,PS4
Night Book,2021,PS4
Nine Witches: Family Disruption (JP),2021,PS4
Ninja Gaiden 3: Razor's Edge,2021,PS4
Ninja Gaiden ,2021,PS4
Ninja Gaiden 2,2021,PS4
Ninja JaJaMaru Collection,2021,PS4
Ninja JaJaMaru Collection (Asia),2021,PS4
Noble Armada: Lost Worlds,2021,PS4
Noble Armada: Lost Worlds (EU),2021,PS4
Nongnz: Doppelgnger Edition,2021,PS4
Nongnz: Doppelgnger Edition (EU),2021,PS4
NOTE : a Composer and a Note,2021,PS4
M.A.C.E. Tower Defense,2021,PS4
M.A.C.E. Tower Defense (EU),2021,PS4
Madden NFL 22 (PS4),2021,PS4
Mahjong Adventure DX,2021,PS4
Mahjong Adventure DX (EU),2021,PS4
Mahluk: Dark Demon,2021,PS4
Mahluk: Dark Demon (EU),2021,PS4
Mail Mole,2021,PS4
Mail Mole (EU),2021,PS4
Makai Senki Disgaea 6,2021,PS4
Manifold Garden (HK) (PS4),2021,PS4
Manifold Garden (JP) (PS4),2021,PS4
Maquette (Asia) (PS4),2021,PS4
Maquette (EU) (PS4),2021,PS4
Maquette (JP) (PS4),2021,PS4
Maquette (PS4),2021,PS4
March to a Million,2021,PS4
Marchen Forest,2021,PS4
Marsupilami: Hoobadventure,2021,PS4
Marvel's Guardians of the Galaxy (PS4),2021,PS4
Mary Skelter Finale,2021,PS4
Mary Skelter Finale (EU),2021,PS4
Mary Skelter Finale (HK/TW),2021,PS4
Maskmaker,2021,PS4
Mass Effect: Legendary Edition,2021,PS4
Mastho is Together (PS4),2021,PS4
Mayhem Brawler,2021,PS4
Mayhem Brawler (Asia),2021,PS4
Mayhem Brawler (EU),2021,PS4
May's Mysteries: The Secret of Dragonville,2021,PS4
May's Mysteries: The Secret of Dragonville (EU),2021,PS4
Maze: Pedestal of Trials,2021,PS4
Maze: Pedestal of Trials (EU),2021,PS4
MechWarrior 5: Mercenaries (PS4),2021,PS4
Mega Zombie,2021,PS4
MELTY BLOOD: TYPE LUMINA,2021,PS4
Memoranda,2021,PS4
Memories Off,2021,PS4
Memories Off #5: Togireta Film,2021,PS4
Memories Off ~Sorekara~,2021,PS4
Memories Off 2nd,2021,PS4
Memories Off 6 ~T-wave~,2021,PS4
Memories Off -Innocent Fille- Noelle Fullbloom,2021,PS4
Memories Off: Yubikiri no Kioku,2021,PS4
Memory Lane 2,2021,PS4
Memory Lane 2 (EU),2021,PS4
Mercenaries Blaze: Dawn of the Twin Dragons,2021,PS4
Mercenaries Blaze: Dawn of the Twin Dragons (JP),2021,PS4
Mercenaries Rebirth: The Wild Links of Remembrance,2021,PS4
Merek's Market,2021,PS4
Merrily Perrilly,2021,PS4
Merrily Perrilly (EU),2021,PS4
Metaloid: Origin,2021,PS4
Metaloid: Origin (EU),2021,PS4
Metro Simulator,2021,PS4
Metro Simulator (EU),2021,PS4
Mickey Storm and the Cursed Mask,2021,PS4
Mighty Aphid,2021,PS4
Mighty Aphid (EU),2021,PS4
Mighty Fight Federation (PS4),2021,PS4
Mighty Goose (Asia) (PS4),2021,PS4
Mighty Goose (EU) (PS4),2021,PS4
Mighty Goose (JP) (PS4),2021,PS4
Mighty Goose (PS4),2021,PS4
Mighty Switch Force! Collection (JP),2021,PS4
MilkChoco,2021,PS4
Milli & Greg,2021,PS4
Mina & Michi (EU) (PS4),2021,PS4
Mina & Michi (HK/TW) (PS4),2021,PS4
Mina & Michi (PS4),2021,PS4
Mind Maze (EU) (PS4),2021,PS4
Mind Maze (PS4),2021,PS4
Mine My Mind,2021,PS4
Mine My Mind (EU),2021,PS4
MiniGolf Tour,2021,PS4
MiniGolf Tour (EU),2021,PS4
Minna no Tsume Shougi Chuukyuu-hen 1,2021,PS4
Minna no Tsume Shougi Chuukyuu-hen 2,2021,PS4
Minute of Islands,2021,PS4
Minute of Islands (EU),2021,PS4
Minute of Islands (JP),2021,PS4
Misk Schools Quest,2021,PS4
Mittelborg: City of Mages,2021,PS4
Mittelborg: City of Mages (EU),2021,PS4
MLB The Show 21 (PS4),2021,PS4
Mobile Suit Gundam: Battle Operation Code Fairy (PS4),2021,PS4
Mobile Suit Gundam: Extreme Vs. Maxi Boost ON Starter Edition,2021,PS4
Mom Hid My Game! 2,2021,PS4
Monark (HK/TW) (PS4),2021,PS4
Monark (JP) (PS4),2021,PS4
Monark (KR) (PS4),2021,PS4
Monster Blast,2021,PS4
Monster Blast (EU),2021,PS4
Monster Energy Supercross - The Official Videogame 4 (PS4),2021,PS4
Monster Harvest,2021,PS4
Monster Harvest (EU),2021,PS4
Monster Jam Steel Titans 2,2021,PS4
Monster World IV,2021,PS4
Moon Raider,2021,PS4
Moon Raider (EU),2021,PS4
Moose Life,2021,PS4
Moose Life (EU),2021,PS4
MotoGP 21 (PS4),2021,PS4
MouseBot: Escape from CatLab,2021,PS4
MouseBot: Escape from CatLab (EU),2021,PS4
Mr. Driller DrillLand (PS4),2021,PS4
Mundaun,2021,PS4
Murder Diaries,2021,PS4
Murder Diaries (EU),2021,PS4
Murder Diaries 2,2021,PS4
Murder Diaries 2 (EU),2021,PS4
Murder House,2021,PS4
Murder Mystery Machine,2021,PS4
My Child Lebensborn,2021,PS4
My Child Lebensborn (EU),2021,PS4
My Friend Peppa Pig,2021,PS4
My Hidden Things (HK/TW),2021,PS4
My Memory of Us (Asia),2021,PS4
My Singing Monsters Playground,2021,PS4
My Universe - My Baby,2021,PS4
My Universe - Pet Clinic Cats & Dogs,2021,PS4
My Universe - Interior Designer,2021,PS4
My Universe - Puppies & Kittens,2021,PS4
Mystic Fate,2021,PS4
Mystic Fate (EU),2021,PS4
#SinucaAttack,2021,PS4
#SinucaAttack (Asia),2021,PS4
#SinucaAttack (EU),2021,PS4
0 Degrees,2021,PS4
0 Degrees (EU),2021,PS4
0 Degrees (HK/TW),2021,PS4
1971 Project Helios (JP),2021,PS4
1976 - Back to midway,2021,PS4
1976 - Back to midway (EU),2021,PS4
20 Bunnies (PS4),2021,PS4
23 seconds to 5,2021,PS4
2URVIVE,2021,PS4
890B,2021,PS4
890B (Asia),2021,PS4
890B (EU),2021,PS4
8-Bit Farm,2021,PS4
Klang 2 (JP) (PS4),2021,PS4
